Modelo,MAE,RMSE,R2,MAPE (%),MAE normalizado (%),RMSE normalizado (%),Observaciones MAPE
ElasticNet,14767.783133420471,29278.115738862576,0.8930835127391402,7.54438422924525,7.786801330477592,15.437853368344209,586
