Modelo,MAE,RMSE,R2,MAPE (%),Observaciones MAPE
ElasticNet,15087.108766149167,29977.387453123963,0.8879153868166563,7.67170108992285,586
