Modelo,MAE,RMSE,R2,MAPE (%),MAE normalizado (%),RMSE normalizado (%),Observaciones MAPE
BayesianRidge,14621.062908006965,28728.479065353917,0.8970601090856174,7.489568467862314,7.709438246517323,15.14803928170105,586
