Modelo,MAE,RMSE,R2,MAPE (%),MAE normalizado (%),RMSE normalizado (%),Observaciones MAPE
KernelRidge,14363.531172463492,28040.442940961217,0.9019318066943842,7.359423933236268,7.573646134535945,14.785249514243462,586
