Modelo,MAE,RMSE,R2,MAPE (%),MAE normalizado (%),RMSE normalizado (%),Observaciones MAPE
SGDRegressor,18208.392837906395,33986.867431507686,0.8559276267805118,9.044732808716265,9.600976415694989,17.920698194403425,586
