Modelo,MAE,MAE %,MSE,RMSE,RMSE %,R2,MAPE,Observaciones utilizadas,Tiempo de entrenamiento
Lasso,14893.02157642643,7.852837435275122,877480994.4434236,29622.305690871257,15.619338886652837,0.89055494248301,7.571384618087531,586,0.07481098175048828
