MAE,MSE,RMSE,R²,MAPE (%),fit_time (s)
14232.510709267428,780080004.0508002,27929.912353081243,0.902703418704417,7.469796518582402,0.5232622623443604
