Modelo,MAE,MSE,RMSE,R2,MAPE
LinearRegression,14364.578757062987,911092626.1765908,30184.310927642375,0.8863626841987042,0.07766108880158534
