Modelo,MAE,MSE,RMSE,R2,MAPE
LinearRegression,14364.578757062945,911092626.1765904,30184.310927642367,0.8863626841987042,7.766108880158526
