Fold,MAE,MSE,R2,MAPE
1,0.07786557411593002,0.011012089360938872,0.9276024004343054,0.6532212270264207
2,0.08205178573910268,0.014691179005283175,0.8995107680466554,0.6869461886531915
3,0.08033595639340717,0.013283853430257486,0.9171212711221228,0.670780699608524
4,0.08020657779023238,0.013108271080980182,0.9203938350530853,0.6712252087367461
5,0.08986946867236678,0.03374603201898659,0.8133489351904375,0.7670780352176982
Promedio,0.0820658725422078,0.01716828497928926,0.8955954419693214,0.6898502718485161
