Fold,MAE,MSE,R2,MAPE
1.0,16901.718192179673,553291511.229629,0.8982899965517512,11.170992408875206
2.0,19033.81503883992,1344742395.4138174,0.7590845803955153,11.635016965469129
3.0,18427.20745361767,1168160609.9475427,0.8237742975276796,11.042978900044336
4.0,15553.340516034887,516394977.47751874,0.9142001181539295,9.699975675794043
5.0,19065.76562618757,1280320548.4336736,0.787595934166101,12.536215316721327
3.0,17796.369365371946,972582008.5004362,0.8365889853589952,11.217035853380809
