Fold,MAE,MSE,R2,MAPE
1.0,17009.721686407855,568203470.0419306,0.8955487736133247,11.250497553504484
2.0,19258.051987723953,1418397451.04416,0.7458890132045849,11.829836561549033
3.0,18655.249591306158,1301212826.8332353,0.803702382598761,11.170563383682316
4.0,15731.356366652244,527935427.2679939,0.9122826532837055,9.83460880097212
5.0,19250.626571432662,1313830809.2237918,0.7820366110359027,12.718037512888511
3.0,17981.001240704572,1025915996.8822224,0.8278918867472559,11.360708762519291
