Fold,MAE,MSE,R2,MAPE
1.0,15537.218307161775,444759474.5243927,0.9182411318999197,9.704653079558968
2.0,17403.60356968033,785217096.7698919,0.8593255429485286,10.56952949028776
3.0,16837.528488979697,744442632.3683915,0.8876953008667581,9.77235833513279
4.0,15677.16213539543,506430891.773603,0.9158556675170859,9.532546664730154
5.0,18727.048102482775,1334862750.8334746,0.7785474302086928,12.655573965775568
3.0,16836.51212074,763142569.2539508,0.871933014688197,10.446932307097047
