Fold,MAE,MSE,R2,MAPE
1,15782.96179480968,452924010.5084111,0.916740268492053,10.195111607087494
2,17268.020411324138,781630251.8588557,0.8599681390693511,10.592720538932182
3,16695.705516824168,713476028.7253913,0.8923668429763784,9.706259682502758
4,15444.697815181855,485811330.79897386,0.9192816417664541,9.440214022514937
5,18472.411251856764,1349592552.3767903,0.7761037689392128,12.380975833916121
Promedio,16732.75935799932,756686834.8536844,0.8728921322486899,10.463056336990698
