MAE,MSE,RMSE,R²,MAPE (%),fit_time (s)
17870.469945922505,923369987.6713427,30387.00359810659,0.8848313729299031,9.702328912617318,0.15606045722961426
